<?xml version="1.0" encoding="UTF-8"?>
<ejb-jar xmlns = "http://java.sun.com/xml/ns/javaee"
        version = "3.0" xmlns:xsi = "http://www.w3.org/2001/XMLSchema-instance"
        xsi:schemaLocation = "http://java.sun.com/xml/ns/javaee http://java.sun.com/xml/ns/javaee/ejb-jar_3_0.xsd">

    <interceptors>
        <interceptor>
            <interceptor-class>fr.unice.polytech.isa.tcf.interceptors.CartCounter</interceptor-class>
        </interceptor>
        <interceptor>
            <interceptor-class>fr.unice.polytech.isa.tcf.interceptors.LogParameters</interceptor-class>
        </interceptor>
        <interceptor>
            <interceptor-class>fr.unice.polytech.isa.tcf.interceptors.ItemVerifier</interceptor-class>
        </interceptor>
    </interceptors>

    <assembly-descriptor>
        <interceptor-binding>
            <ejb-name>*</ejb-name>
            <interceptor-class>fr.unice.polytech.isa.tcf.interceptors.LogParameters</interceptor-class>
        </interceptor-binding>
    </assembly-descriptor>
</ejb-jar>